coordinate aree GPS,,,,,,,,,coordinate lato di ingresso,,,
nome area,x1,y1,x2,y2,x3,y3,x4,y4,x1,y1,x2,y2
"area: ""1Z""",75 832,156 860,82 242,148 713,136 582,191 454,130 163,199 612,82 242,148 713,136 582,191 454
"area: ""1K""",111 955,156 951,91 865,140 868,88 782,144 718,108 868,160 806,88 782,144 718,108 867,160 807
"area: ""1D""",140 960,119 430,131 923,110 963,101 605,143 322,110 643,151 788,110 643,151 788,140 961,119 430
"area: ""1A""",131 922,110 962,122 891,102 500,92 568,134 859,101 605,143 322,92 568,134 860,122 891,102 499
"area: ""1E01""",144 066,115 881,146 630,113 152,140 361,107 260,137 794,109 987,144 060,115 887,146 630,113 152
"area: ""1B01""",129 342,102 071,137 774,110 009,140 361,107 260,131 914,99 331,131 914,99 331,129 338,102 067
"area: ""1E09""",164 626,94 004,167 190,91 275,160 922,85 383,158 355,88 110,164 626,94 004,167 190,91 275
"area: ""1B09""",153 472,83 454,158 365,88 071,160 952,85 323,156 048,80 718,156 048,80 718,153 472,83 454
"area: ""1F""",171 888,78 727,166 438,73 595,157 899,82 660,163 349,87 793,166 438,73 595,157 899,82 660
"area: ""1C""",171 888,78 727,166 438,73 595,157 899,82 660,163 349,87 793,166 438,73 595,157 899,82 660
"area: ""1U""",166 539,150 701,164 940,149 141,148 054,166 452,149 851,168 136,149 851,168 136,166 539,150 701
"area: ""1T01""",166 733,134 822,171 019,130 502,176 538,135 979,172 252,140 298,171 018,130 502,166 733,134 822
"area: ""1V""",207 169,109 056,205 541,107 451,174 227,139 578,175 680,141 007,175 680,141 007,207 169,109 056
"area: ""1T07""",192 448,108 904,196 734,104 584,202 254,110 060,197 969,114 382,196 734,104 584,192 448,108 904
"area: ""2S05""",309 392,19 855,309 444,15 223,322 586,15 340,322 549,20 001,309 392,19 855,322 549,20 001
"area: ""2S06""",309 444,15 223,309 495,10 592,322 652,10 738,322 611,15 340,309 495,10 592,322 652,10 709
"area: ""2S07""",309 892,7 701,309 061,2 976,320 287,1 005,321 117,5 730,309 892,7 701,321 117,5 730
"area: ""2R02""",332 452,24 413,337 128,24 105,336 896,20 657,332 264,20 969,332 453,24 413,337 128,24 105
"area: ""2S01""",309 735,29 663,316 903,30 406,317 283,26 756,310 115,25 989,309 735,29 663,316 903,30 408
"area: ""2S02""",317 283,26 756,316 924,30 409,324 112,31 151,324 490,27 503,316 924,30 409,324 112,31 151
"area: ""2S03""",310 485,22 408,310 110,26 035,317 283,26 756,317 656,23 173,310 485,22 408,317 658,23 150
"area: ""2S04""",317 283,26 756,324 486,27 527,324 861,23 899,317 658,23 150,317 658,23 150,324 861,23 899
"area: ""2R08""",360 507,22 562,365 183,22 255,364 951,18 806,360 319,19 118,360 507,22 562,365 183,22 246
"area: ""2R09""",332 016,17 480,336 700,17 185,336 896,20 657,332 263,20 951,332 016,17 480,336 700,17 185
"area: ""2R15""",360 125,15 772,364 810,15 477,365 005,18 949,360 321,19 246,360 124,15 741,364 810,15 477
"area: ""1S01""",135 321,168 073,139 725,163 372,142 970,166 411,138 567,171 113,139 733,163 380,135 321,168 073
"area: ""1S06""",157 341,144 571,161 745,139 869,164 990,142 909,160 587,147 611,161 745,139 869,157 341,144 571
"area: ""1P01""",128 329,166 396,132 323,162 134,134 648,164 312,130 654,168 575,134 648,164 312,130 655,168 575
"area: ""1N01""",125 426,163 677,129 419,159 414,131 745,161 593,127 751,165 855,129 419,159 414,125 425,163 677
"area: ""1L01""",117 989,158 236,122 192,153 755,126 207,157 516,122 004,162 000,126 207,157 516,122 004,162 000
"area: ""1G01""",113 724,154 240,117 919,149 756,122 197,153 763,117 986,158 239,117 919,149 756,113 724,154 240
"area: ""1P07""",152 291,140 821,156 284,136 558,158 609,138 737,154 616,142 999,158 612,138 734,154 616,142 999
"area: ""1N07""",145 399,142 365,149 393,138 103,151 718,140 281,147 724,144 544,149 393,138 103,145 395,142 362
"area: ""1L07""",143 206,131 335,147 410,126 854,151 425,130 615,147 222,135 099,151 418,130 625,147 224,135 101
"area: ""1G07""",138 911,127 346,143 106,122 861,147 383,126 869,143 173,131 344,143 114,122 867,138 919,127 337
"area: ""1Q01""",160 959,130 928,165 330,126 525,168 105,129 281,163 735,133 683,163 735,133 683,168 105,129 281
"area: ""1Q05""",178 441,113 319,182 811,108 917,185 587,111 673,181 216,116 075,181 216,116 075,185 587,111 673
"area: ""1O01""",158 198,128 186,162 568,123 784,165 330,126 525,160 959,130 928,162 568,123 784,158 198,128 186
"area: ""1O05""",175 679,110 578,180 050,106 176,182 811,108 917,178 441,113 320,180 050,106 176,175 679,110 578
"area: ""1M01""",152 496,122 406,154 967,124 858,159 324,120 466,156 853,118 015,154 967,124 858,159 324,120 467
"area: ""1M05""",169 924,104 843,172 396,107 295,176 752,102 903,174 282,100 452,172 396,107 295,176 753,102 904
"area: ""1H01""",150 021,119 950,154 379,115 560,156 852,118 014,152 495,122 405,154 379,115 560,150 021,119 950
"area: ""1H05""",167 447,102 386,171 805,97 996,174 278,100 449,169 921,104 840,171 805,97 996,167 449,102 388
"area: ""1I01""",184 870,98 158,177 620,90 961,171 219,97 414,178 474,104 612,177 622,90 963,171 219,97 414
"area: ""1I02""",191 274,91 707,184 023,84 510,177 622,90 963,184 878,98 161,184 023,84 510,177 622,90 963
"area: ""1R01""",190 682,103 928,184 870,98 158,178 472,104 610,184 283,110 379,190 687,103 933,184 285,110 381
"area: ""1R02""",197 085,97 482,191 274,91 712,184 876,98 164,190 687,103 933,197 085,97 482,190 687,103 933
"area: ""2I01""",198 658,73 598,194 423,79 174,197 918,81 828,202 153,76 252,198 658,73 598,202 153,76 252
"area: ""2I02""",195 163,70 944,190 928,76 520,194 423,79 175,198 658,73 598,195 161,70 946,198 658,73 598
"area: ""2I03""",191 668,68 290,187 433,73 866,190 928,76 521,195 163,70 944,191 667,68 292,195 161,70 946
"area: ""2I04""",188 173,65 637,183 938,71 213,187 433,73 867,191 668,68 290,188 172,65 638,191 667,68 292
"area: ""2I05""",184 678,62 983,180 443,68 559,183 939,71 213,188 173,65 637,184 681,62 980,188 172,65 638
"area: ""2I06""",181 186,60 326,176 951,65 902,180 446,68 556,184 681,62 980,181 186,60 326,184 681,62 980
"area: ""2I07""",177 690,57 674,173 455,63 250,176 950,65 904,181 185,60 328,177 690,57 674,181 186,60 326
"area: ""2I08""",174 194,55 022,169 959,60 598,173 454,63 252,177 689,57 675,174 194,55 022,177 690,57 674
"area: ""2G01""",194 746,62 494,205 995,72 134,204 050,74 332,193 065,64 593,193 065,64 593,204 050,74 332
"area: ""2F01""",205 995,72 134,217 316,81 820,215 197,84 214,204 050,74 332,204 050,74 332,215 197,84 214
"area: ""2E01""",217 316,81 820,228 634,91 510,226 712,93 857,215 197,84 214,215 197,84 214,226 712,93 857
"area: ""2D01""",228 622,91 525,240 004,101 279,238 323,103 378,226 712,93 857,226 712,93 857,238 323,103 378
"area: ""1X01""",214 926,197 910,216 943,195 241,210 243,190 178,208 601,193 130,210 243,190 178,208 601,193 130
"area: ""1X12""",240 374,152 127,243 810,147 626,254 010,155 435,250 567,159 931,243 810,147 626,240 374,152 127
"area: ""2L01""",202 636,50 374,215 829,38 782,211 948,34 365,198 755,45 957,198 755,45 957,202 636,50 374
"area: ""2L02""",198 755,45 957,211 948,34 365,208 067,29 948,194 874,41 540,194 874,41 540,198 755,45 957
"area: ""2L03""",185 717,49 585,208 067,29 948,204 186,25 531,181 837,45 168,181 837,45 168,185 717,49 585
"area: ""2L04""",181 837,45 168,195 728,32 963,191 847,28 546,177 956,40 751,177 956,40 751,181 837,45 168
"area: ""2C01""",242 523,104 916,252 862,112 625,254 468,110 471,244 128,102 763,242 523,104 916,252 862,112 625
"area: ""2B01""",252 862,112 625,263 201,120 334,264 797,118 173,254 468,110 471,252 862,112 625,263 201,120 334
"area: ""2A01""",267 387,119 925,277 005,127 306,278 741,125 053,269 120,117 680,267 387,119 925,276 991,127 324
"area: ""2A02""",269 147,117 646,278 741,125 053,280 467,122 792,270 853,115 435,270 853,115 435,280 467,122 792
"area: ""2C12""",285 902,49 696,283 379,52 164,292 791,59 935,294 717,57 855,285 902,49 696,294 716,57 855
"area: ""2B12""",294 717,57 855,292 791,59 935,302 185,67 686,303 527,66 009,294 716,57 855,303 527,66 009
"area: ""2N01""",288 368,143 781,278 330,136 147,270 618,146 288,280 658,153 923,278 330,136 147,288 370,143 782
"area: ""2N02""",298 408,151 416,288 370,143 782,280 658,153 923,290 698,161 558,288 370,143 782,298 410,151 417
"area: ""2N03""",308 448,159 051,298 410,151 417,290 698,161 558,300 738,169 193,298 410,151 417,308 448,159 051
"area: ""2N04""",318 489,166 686,308 450,159 052,300 738,169 193,310 779,176 828,308 448,159 051,318 489,166 686
"area: ""2N05""",281 826,136 180,300 559,150 425,304 881,144 693,286 116,130 214,281 826,136 180,300 559,150 425
"area: ""2N06""",300 559,150 432,319 293,164 669,323 706,158 865,304 881,144 693,300 559,150 432,319 293,164 669
"area: ""2O01""",286 116,130 214,291 965,122 525,302 185,130 297,296 339,137 986,291 965,122 525,302 238,130 338
"area: ""2O02""",296 331,137 994,302 238,130 338,312 405,138 069,306 560,145 757,302 238,130 338,312 405,138 069
"area: ""2O03""",296 615,121 318,302 464,113 628,312 684,121 400,306 836,129 090,296 615,121 318,306 836,129 090
"area: ""2O04""",306 836,129 090,312 684,121 400,322 904,129 173,317 055,136 862,306 836,129 090,317 055,136 863
"area: ""2P01""",303 191,113 204,309 035,105 514,320 815,114 474,314 976,122 151,309 035,105 514,320 815,114 474
"area: ""2P02""",314 976,122 151,320 815,114 474,332 566,123 404,326 719,131 094,320 815,114 474,332 566,123 404
"area: ""2P03""",331 507,95 400,325 251,84 587,316 888,89 424,323 144,100 238,316 888,89 424,323 145,100 238
"area: ""2P04""",337 763,106 214,331 506,95 401,323 144,100 238,329 399,111 053,323 145,100 238,329 399,111 053
"area: ""2P05""",344 018,117 028,337 762,106 216,329 399,111 053,335 655,121 867,329 399,111 053,335 655,121 867
"area: ""2A03""",275 181,110 038,284 829,117 420,289 168,112 541,279 547,105 178,275 181,110 038,284 829,117 420
"area: ""2A04""",279 547,105 178,289 168,112 541,293 507,107 662,283 912,100 319,283 912,100 319,293 507,107 662
"area: ""2A05""",294 429,86 348,304 043,93 534,306 282,90 795,296 782,83 347,294 429,86 348,304 043,93 534
"area: ""2A06""",296 782,83 347,306 282,90 795,308 521,88 056,298 864,80 692,298 864,80 692,308 521,88 056
"area: ""2A07""",301 374,76 640,311 016,83 746,313 760,80 387,304 090,72 941,301 368,76 635,311 016,83 746
"area: ""2A08""",306 812,69 246,304 090,72 941,313 760,80 387,316 503,77 028,306 812,69 246,316 503,77 028
"area: ""2A09""",313 085,60 754,311 465,63 115,321 303,71 150,323 109,68 940,311 465,63 115,321 303,71 150
"area: ""2A10""",314 705,58 393,313 085,60 754,323 109,68 940,324 914,66 730,314 705,58 393,324 914,66 730
"area: ""2A11""",324 942,47 826,322 253,50 740,331 683,58 441,334 186,55 376,322 253,50 740,331 683,58 441
"area: ""2A12""",327 631,44 912,324 942,47 826,334 186,55 376,336 690,52 310,327 631,44 912,336 691,52 309
"area: ""2A13""",330 850,41 056,340 212,48 702,342 749,45 664,333 539,38 142,330 850,41 056,340 211,48 702
"area: ""2A14""",333 539,38 142,342 749,45 664,345 287,42 627,336 228,35 228,336 228,35 228,345 287,42 627
"area: ""2B02""",254 468,110 471,256 074,108 318,266 367,115 992,264 797,118 173,256 074,108 318,266 367,115 992
"area: ""2B03""",259 346,104 816,261 178,102 297,270 829,109 894,268 892,112 266,259 346,104 816,268 892,112 266
"area: ""2B04""",261 178,102 297,263 009,99 779,272 767,107 522,270 873,109 928,263 009,99 779,272 767,107 522
"area: ""2B05""",266 003,95 281,275 855,102 832,277 963,100 099,268 105,92 541,266 006,95 277,275 855,102 832
"area: ""2B06""",270 236,89 776,268 105,92 541,277 963,100 099,280 070,97 367,270 242,89 768,280 070,97 367
"area: ""2B07""",278 531,79 791,280 256,77 577,290 017,85 190,288 290,87 393,278 531,79 791,288 290,87 393
"area: ""2B08""",280 256,77 577,281 958,75 346,291 743,82 971,290 022,85 184,281 946,75 361,291 743,82 971
"area: ""2B09""",287 331,68 386,285 607,70 600,295 395,78 224,297 116,76 007,285 608,70 601,295 395,78 224
"area: ""2B10""",289 055,66 170,287 353,68 402,297 120,76 008,298 842,73 794,289 055,66 170,298 842,73 794
"area: ""2B11""",290 643,62 256,300 430,69 880,302 185,67 686,292 791,59 935,290 643,62 256,300 430,69 880
"area: ""2B13""",296 851,48 351,307 516,59 059,310 279,56 073,299 478,45 276,296 851,48 351,307 516,59 059
"area: ""2B14""",302 105,42 201,299 478,45 276,310 279,56 073,313 041,53 087,302 105,42 201,313 041,53 087
"area: ""2B15""",311 359,38 278,309 383,40 245,317 633,48 961,319 657,47 046,309 383,40 245,317 633,48 961
"area: ""2B16""",313 336,36 311,311 359,38 278,319 657,47 046,321 797,45 021,313 336,36 311,321 797,45 021
"area: ""2S08""",324 741,6 017,324 955,1 224,336 341,1 733,336 126,6 526,324 741,6 017,336 127,6 523
"area: ""2S09""",336 127,6 523,336 340,1 731,347 726,2 240,347 512,7 033,336 127,6 523,347 512,7 033
"area: ""2S10""",348 139,6 838,349 844,2 353,360 497,6 406,358 791,10 890,348 139,6 838,358 791,10 890
"area: ""2S11""",360 467,11 703,362 636,7 527,372 731,12 818,370 561,16 994,360 467,11 703,370 561,16 994
"area: ""2S12""",370 685,17 204,372 854,13 028,382 949,18 319,380 779,22 495,370 685,17 204,380 779,22 495
"area: ""2Q01""",317 234,81 564,322 306,75 492,319 658,73 305,314 574,79 391,322 306,75 492,317 234,81 564
"area: ""2Q02""",322 306,75 492,327 378,69 421,324 730,67 234,319 645,73 319,327 378,69 421,322 306,75 492
"area: ""2Q03""",327 378,69 421,332 450,63 350,329 801,61 163,324 717,67 248,332 450,63 350,327 378,69 421
"area: ""2Q04""",332 450,63 350,337 522,57 279,334 873,55 092,329 789,61 177,332 450,63 350,337 522,57 279
"area: ""2Q05""",337 522,57 279,342 593,51 208,339 945,49 020,334 861,55 106,337 522,57 279,342 593,51 208
"area: ""2Q06""",342 593,51 208,347 665,45 137,345 017,42 949,339 933,49 035,342 593,51 208,347 665,45 137
"area: ""2Q07""",347 666,45 137,352 737,39 066,350 089,36 878,345 005,42 964,352 737,39 066,347 665,45 137
"area: ""2Q09""",329 877,78 454,332 017,80 592,335 966,76 638,333 739,74 590,333 739,74 590,329 877,78 454
"area: ""2Q10""",333 826,74 500,335 966,76 638,339 915,72 684,337 688,70 636,337 688,70 636,333 826,74 500
"area: ""2Q11""",337 776,70 546,339 915,72 684,343 864,68 730,341 637,66 682,341 637,66 682,337 776,70 546
"area: ""2Q12""",341 725,66 592,343 864,68 730,347 813,64 776,345 586,62 728,345 586,62 728,341 725,66 592
"area: ""2Q13""",344 189,61 399,347 813,64 776,351 622,60 687,347 911,57 401,347 911,57 401,344 189,61 399
"area: ""2Q14""",347 997,57 309,351 622,60 687,355 430,56 597,351 720,53 311,351 720,53 311,347 997,57 309
"area: ""2Q15""",351 805,53 219,355 430,56 597,359 239,52 507,355 528,49 221,355 528,49 221,351 804,53 218
"area: ""2Q16""",355 577,49 096,359 202,52 474,363 010,48 384,359 299,45 099,359 299,45 099,355 575,49 095
"area: ""2Q17""",359 366,44 990,362 991,48 368,366 800,44 278,363 089,40 992,363 089,40 992,359 365,44 989
"area: ""2Q18""",363 173,40 898,366 798,44 276,370 606,40 187,366 896,36 901,366 896,36 901,363 173,40 898
"area: ""2Q19""",366 981,36 809,370 606,40 187,374 415,36 097,370 704,32 811,370 704,32 811,366 980,36 808
"area: ""2Q20""",372 272,26 808,375 158,30 836,379 700,27 579,376 711,23 625,376 711,23 625,372 271,26 807
"area: ""2R01""",330 088,28 995,329 093,13 280,331 741,13 113,332 731,28 829,329 093,13 280,330 088,28 995
"area: ""2M07""",287 518,41 775,289 555,45 423,294 496,42 654,292 463,39 013,289 555,45 423,294 500,42 662
"area: ""2M08""",292 457,39 002,294 500,42 662,299 483,39 877,297 451,36 227,294 500,42 662,299 488,39 885
"area: ""2M09""",297 444,36 225,299 484,39 879,304 634,37 001,302 596,33 354,299 488,39 885,304 637,37 007
"area: ""2M10""",302 596,33 354,304 634,37 001,309 424,34 330,307 384,30 680,304 637,37 007,309 425,34 332
"area: ""1X02""",210 243,190 178,212 441,187 580,218 992,192 530,216 943,195 241,212 441,187 580,210 243,190 178
"area: ""1X03""",215 352,184 243,212 441,187 580,218 992,192 530,221 646,189 062,215 352,184 243,212 441,187 580
"area: ""1X04""",215 895,183 533,218 435,180 534,228 629,188 340,226 243,191 456,218 435,180 534,215 895,183 533
"area: ""1X05""",218 435,180 534,221 477,176 549,231 677,184 358,228 629,188 339,221 477,176 549,218 429,180 530
"area: ""1X06""",221 996,175 883,225 606,171 158,235 805,178 967,232 190,183 688,225 606,171 158,221 996,175 883
"area: ""1X07""",226 140,170 471,229 639,165 889,239 839,173 698,236 333,178 276,229 639,165 889,226 134,170 467
"area: ""1X08""",232 050,163 011,230 310,165 283,240 379,172 993,242 256,170 825,232 062,163 020,230 310,165 283
"area: ""1X09""",232 062,163 020,235 073,159 076,245 272,166 885,242 256,170 825,235 060,159 066,232 062,163 020
"area: ""1X10""",235 073,159 076,236 937,156 628,247 137,164 437,245 266,166 880,236 931,156 623,235 060,159 066
"area: ""1X11""",236 937,156 628,240 374,152 127,250 573,159 936,247 131,164 432,240 374,152 127,236 931,156 623
"area: ""2C02""",244 129,102 762,254 456,110 463,256 073,108 317,245 734,100 608,245 734,100 608,256 074,108 318
"area: ""2C03""",249 800,97 365,251 526,94 700,261 178,102 297,259 346,104 816,249 800,97 365,259 346,104 816
"area: ""2C04""",251 526,94 700,253 252,92 035,263 009,99 779,261 178,102 297,253 252,92 035,263 009,99 779
"area: ""2C05""",256 527,88 007,266 003,95 281,268 106,92 539,258 458,85 091,256 527,88 007,266 006,95 277
"area: ""2C06""",260 388,82 175,258 458,85 091,268 105,92 541,270 236,89 776,260 388,82 175,270 242,89 768
"area: ""2C07""",268 724,72 152,270 490,69 970,280 256,77 577,278 531,79 791,268 724,72 152,278 531,79 791
"area: ""2C08""",270 490,69 970,272 257,67 788,281 958,75 346,280 230,77 556,272 257,67 788,281 946,75 361
"area: ""2C09""",277 587,60 795,275 820,62 977,285 608,70 601,287 353,68 402,275 820,62 977,285 608,70 601
"area: ""2C10""",279 354,58 613,277 589,60 793,287 353,68 402,289 055,66 170,279 354,58 613,289 055,66 170
"area: ""2C11""",280 856,54 632,290 643,62 256,292 791,59 935,283 379,52 164,280 856,54 632,290 643,62 256
"area: ""2D02""",241 684,99 180,230 370,89 483,228 622,91 525,240 004,101 279,230 370,89 483,241 684,99 180
"area: ""2D03""",247 687,91 692,236 625,81 806,233 933,84 791,245 125,94 888,233 933,84 791,245 125,94 888
"area: ""2D04""",250 250,88 496,239 305,78 806,236 625,81 806,247 687,91 687,239 305,78 806,250 250,88 496
"area: ""2D05""",254 944,81 743,244 230,72 077,241 426,75 186,252 325,85 019,241 426,75 186,252 325,85 019
"area: ""2D06""",257 562,78 467,247 033,68 968,244 230,72 077,254 944,81 743,247 033,68 968,257 560,78 470
"area: ""2D07""",256 625,59 701,254 439,62 348,264 141,69 839,266 089,67 224,254 439,62 348,264 141,69 839
"area: ""2D08""",258 787,57 034,256 613,59 691,266 089,67 224,268 037,64 609,258 787,57 034,268 037,64 609
"area: ""2D09""",260 788,52 624,271 190,60 376,272 796,58 220,262 749,50 733,260 788,52 624,271 190,60 376
"area: ""2D10""",264 709,48 841,262 749,50 733,272 796,58 220,274 402,56 063,264 709,48 841,274 402,56 063
"area: ""2D11""",269 610,42 451,268 540,44 642,277 276,53 055,278 334,50 917,268 540,44 642,277 276,53 055
"area: ""2D12""",270 680,40 260,269 610,42 451,278 334,50 917,279 393,48 779,270 680,40 260,279 393,48 779
"area: ""2E02""",230 370,89 483,219 055,79 787,217 308,81 829,228 622,91 525,219 055,79 787,230 370,89 483
"area: ""2E03""",236 625,81 806,225 727,72 065,223 080,75 000,233 933,84 791,223 080,75 000,233 933,84 791
"area: ""2E04""",239 305,78 806,228 362,69 118,225 727,72 065,236 625,81 806,228 362,69 118,239 305,78 806
"area: ""2E05""",244 230,72 077,233 701,62 578,230 897,65 687,241 426,75 186,230 897,65 687,241 426,75 186
"area: ""2E06""",247 033,68 968,236 505,59 469,233 701,62 578,244 230,72 077,236 507,59 467,247 033,68 968
"area: ""2E07""",247 161,52 177,244 737,54 857,254 439,62 348,256 625,59 701,244 737,54 857,254 439,62 348
"area: ""2E08""",249 585,49 498,247 161,52 177,256 625,59 701,258 787,57 034,249 585,49 498,258 787,57 034
"area: ""2F02""",219 055,79 787,207 741,70 091,205 995,72 134,217 308,81 829,207 741,70 091,219 055,79 787
"area: ""2F03""",225 727,72 065,214 828,62 325,212 228,65 209,223 080,75 000,212 228,65 209,223 080,75 000
"area: ""2F04""",228 362,69 118,217 415,59 426,214 828,62 325,225 727,72 065,217 376,59 470,228 362,69 118
"area: ""2F05""",233 701,62 578,223 172,53 079,220 367,56 187,230 897,65 687,220 367,56 187,230 897,65 687
"area: ""2F06""",236 505,59 469,225 976,49 970,223 172,53 079,233 701,62 578,225 976,49 970,236 507,59 467
"area: ""2G02""",207 741,70 091,196 426,60 395,194 746,62 494,205 995,72 134,196 426,60 395,207 741,70 091
"area: ""2G03""",214 828,62 325,203 914,52 570,201 372,55 414,212 228,65 209,201 372,55 414,212 230,65 206
"area: ""2G04""",217 415,59 426,206 471,49 736,203 914,52 570,214 828,62 325,206 471,49 736,217 376,59 470
"area: ""1G02""",117 923,149 759,122 118,145 275,126 395,149 282,122 185,153 757,122 137,145 272,117 919,149 756
"area: ""1G03""",122 127,145 283,126 322,140 799,130 599,144 806,126 389,149 281,126 308,140 786,122 137,145 272
"area: ""1G04""",126 322,140 799,130 517,136 314,134 795,140 322,130 584,144 797,130 510,136 307,126 308,140 786
"area: ""1G05""",130 530,136 326,134 725,131 842,139 002,135 849,134 792,140 324,134 710,131 824,130 510,136 307
"area: ""1G06""",134 716,131 830,138 911,127 346,143 188,131 353,138 978,135 828,138 919,127 337,134 710,131 824
"area: ""1L02""",122 192,153 752,126 395,149 271,130 410,153 033,126 207,157 516,130 410,153 033,126 207,157 516
"area: ""1L03""",126 395,149 269,130 598,144 788,134 613,148 549,130 410,153 033,134 613,148 549,130 410,153 033
"area: ""1L04""",130 598,144 785,134 801,140 304,138 816,144 066,134 613,148 549,138 817,144 067,134 613,148 549
"area: ""1L05""",134 801,140 302,139 004,135 821,143 019,139 582,138 816,144 066,143 019,139 582,138 817,144 067
"area: ""1L06""",139 003,135 818,143 207,131 337,147 222,135 099,143 019,139 582,147 224,135 101,143 019,139 582
"area: ""1N02""",129 423,159 417,133 417,155 155,135 742,157 333,131 749,161 596,133 417,155 155,129 423,159 417
"area: ""1N03""",133 421,155 158,137 415,150 895,139 740,153 074,135 746,157 336,137 415,150 895,133 421,155 158
"area: ""1N04""",137 419,150 898,141 412,146 636,143 738,148 814,139 744,153 077,141 397,146 622,137 419,150 898
"area: ""1N05""",141 402,146 625,145 395,142 362,147 720,144 541,143 727,148 804,145 395,142 362,141 397,146 622
"area: ""1N06""",145 399,142 365,149 393,138 103,151 718,140 281,147 724,144 544,149 393,138 103,145 395,142 362
"area: ""1P02""",132 323,162 134,136 316,157 871,138 642,160 050,134 648,164 312,138 644,160 052,134 648,164 312
"area: ""1P03""",136 316,157 871,140 310,153 608,142 635,155 787,138 642,160 050,142 637,155 789,138 644,160 052
"area: ""1P04""",140 310,153 608,144 303,149 346,146 629,151 524,142 635,155 787,146 630,151 526,142 637,155 789
"area: ""1P05""",144 303,149 346,148 297,145 083,150 622,147 262,146 629,151 524,150 623,147 263,146 630,151 526
"area: ""1P06""",148 297,145 083,152 291,140 821,154 616,142 999,150 622,147 262,154 616,142 999,150 623,147 263
"area: ""1S02""",139 725,163 373,144 129,158 671,147 374,161 711,142 971,166 413,144 129,158 672,139 733,163 380
"area: ""1S03""",144 129,158 672,148 533,153 971,151 778,157 010,147 375,161 712,148 533,153 972,144 129,158 672
"area: ""1S04""",148 533,153 972,152 937,149 270,156 182,152 310,151 779,157 012,152 945,149 279,148 533,153 972
"area: ""1S05""",152 937,149 271,157 341,144 570,160 586,147 609,156 183,152 311,157 341,144 571,152 945,149 279
"area: ""1B02""",131 935,99 317,140 367,107 255,142 954,104 507,134 507,96 577,134 507,96 577,131 931,99 313
"area: ""1B03""",134 502,96 590,142 934,104 528,145 521,101 780,137 074,93 850,137 074,93 850,134 507,96 577
"area: ""1B04""",137 074,93 858,145 506,101 796,148 093,99 048,139 646,91 118,139 646,91 118,137 074,93 850
"area: ""1B05""",139 661,91 110,148 093,99 048,150 681,96 299,142 233,88 370,142 233,88 370,139 657,91 106
"area: ""1B06""",142 248,88 361,150 681,96 299,153 268,93 551,144 820,85 621,144 820,85 621,142 246,88 356
"area: ""1B07""",148 346,88 937,153 239,93 554,155 826,90 805,150 922,86 201,150 922,86 201,148 346,88 937
"area: ""1B08""",150 918,86 204,155 811,90 821,158 398,88 073,153 494,83 468,153 494,83 468,150 918,86 204
"area: ""1E02""",146 636,113 146,149 200,110 417,142 931,104 526,140 364,107 252,146 638,113 148,149 200,110 417
"area: ""1E03""",149 206,110 411,151 770,107 683,145 501,101 791,142 934,104 518,149 206,110 411,151 770,107 683
"area: ""1E04""",151 776,107 677,154 340,104 948,148 071,99 057,145 505,101 783,151 776,107 677,154 340,104 948
"area: ""1E05""",154 346,104 942,156 910,102 213,150 641,96 322,148 075,99 048,154 346,104 942,156 910,102 213
"area: ""1E06""",156 916,102 207,159 480,99 479,153 211,93 587,150 645,96 314,156 916,102 207,159 480,99 479
"area: ""1E07""",159 486,99 473,162 050,96 744,155 781,90 853,153 215,93 579,159 486,99 473,162 050,96 744
"area: ""1E08""",162 056,96 738,164 620,94 009,158 352,88 118,155 785,90 844,162 056,96 738,164 620,94 009
"area: ""1H02""",154 379,115 560,158 736,111 170,161 210,113 624,156 852,118 014,158 736,111 170,154 379,115 560
"area: ""1H03""",158 734,111 168,163 092,106 778,165 565,109 232,161 208,113 622,163 093,106 779,158 736,111 170
"area: ""1H04""",163 092,106 778,167 449,102 388,169 923,104 841,165 565,109 232,167 449,102 388,163 093,106 779
"area: ""1M02""",156 853,118 015,159 324,120 467,163 681,116 076,161 211,113 624,159 324,120 467,163 681,116 076
"area: ""1M03""",161 210,113 625,163 681,116 076,168 038,111 685,165 568,109 234,163 681,116 076,168 038,111 685
"area: ""1M04""",165 567,109 234,168 039,111 685,172 395,107 294,169 925,104 843,168 038,111 685,172 396,107 295
"area: ""1O02""",162 568,123 784,166 938,119 382,169 700,122 123,165 330,126 525,166 938,119 382,162 568,123 784
"area: ""1O03""",166 938,119 382,171 309,114 980,174 070,117 721,169 700,122 123,171 309,114 980,166 938,119 382
"area: ""1O04""",171 309,114 980,175 679,110 578,178 441,113 319,174 071,117 722,175 679,110 578,171 309,114 980
"area: ""1Q02""",165 330,126 526,169 700,122 123,172 475,124 879,168 105,129 281,168 105,129 281,172 475,124 879
"area: ""1Q03""",169 700,122 123,174 070,117 721,176 846,120 477,172 475,124 879,172 475,124 879,176 846,120 477
"area: ""1Q04""",174 070,117 721,178 441,113 319,181 216,116 075,176 846,120 477,176 846,120 477,181 216,116 075
"area: ""1T02""",171 019,130 502,175 305,126 183,180 824,131 659,176 538,135 979,175 305,126 183,171 018,130 502
"area: ""1T03""",175 305,126 183,179 591,121 863,185 110,127 340,180 824,131 659,179 591,121 863,175 305,126 183
"area: ""1T04""",179 591,121 863,183 876,117 543,189 396,123 021,185 110,127 340,183 876,117 543,179 591,121 863
"area: ""1T05""",183 876,117 543,188 162,113 224,193 683,118 702,189 396,123 021,188 162,113 224,183 876,117 543
"area: ""1T06""",188 162,113 224,192 448,108 904,197 969,114 382,193 683,118 702,192 448,108 904,188 162,113 224
"area: ""2R03""",337 128,24 097,341 804,23 790,341 571,20 342,336 939,20 654,337 128,24 105,341 804,23 790
"area: ""2R04""",341 804,23 790,346 479,23 483,346 247,20 035,341 615,20 347,341 804,23 790,346 479,23 483
"area: ""2R05""",346 479,23 483,351 155,23 176,350 923,19 727,346 291,20 040,346 479,23 483,351 155,23 176
"area: ""2R06""",351 155,23 176,355 831,22 869,355 599,19 420,350 967,19 733,351 155,23 176,355 834,22 920
"area: ""2R07""",355 831,22 869,360 507,22 562,360 275,19 113,355 643,19 425,355 834,22 920,360 507,22 562
"area: ""2R10""",336 700,17 185,341 384,16 890,341 580,20 362,336 896,20 659,336 700,17 185,341 384,16 890
"area: ""2R11""",341 384,16 890,346 069,16 595,346 264,20 067,341 580,20 364,341 384,16 890,346 069,16 595
"area: ""2R12""",346 069,16 595,350 753,16 300,350 949,19 772,346 264,20 069,346 069,16 595,350 755,16 331
"area: ""2R13""",350 753,16 300,355 437,16 005,355 633,19 477,350 949,19 773,350 755,16 331,355 441,16 067
"area: ""2R14""",355 439,16 036,360 124,15 741,360 319,19 213,355 635,19 510,355 441,16 067,360 124,15 741
