,coordinate aree GPS,,,,,,,,coordinate lato di ingresso,,,,vertice sinistro,
area GPS,x1,y1,x2,y2,x3,y3,x4,y4,x1,y1,x2,y2,x1,y1
"area: ""0X""",227 244,119 648,235 994,108 350,245 494,115 531,237 121,126 936,235 994,108 350,245 494,115 531,235 994,108 350
"area: ""1A""",132 791,111 736,122 095,101 626,88 718,137 070,99 342,147 114,88 718,137 070,122 095,101 626,88 718,137 070
"area: ""1B01""",139 164,105 893,131 307,98 495,128 616,101 360,136 478,108 750,128 616,101 360,131 307,98 495,128 616,101 360
"area: ""1B02""",141 847,103 039,133 989,95 639,131 307,98 495,139 164,105 893,131 307,98 495,133 989,95 639,131 307,98 495
"area: ""1B03""",144 032,100 713,136 172,93 313,133 989,95 639,141 847,103 039,133 989,95 639,136 172,93 313,133 989,95 639
"area: ""1B04""",146 200,98 406,138 339,91 004,136 172,93 313,144 032,100 713,136 172,93 313,138 339,91 004,136 172,93 313
"area: ""1B05""",148 445,96 017,140 583,88 614,138 339,91 004,146 200,98 406,138 339,91 004,140 583,88 614,138 339,91 004
"area: ""1B06""",150 682,93 636,142 818,86 232,140 583,88 614,148 445,96 017,140 583,88 614,142 818,86 232,140 583,88 614
"area: ""1B07""",152 642,91 541,148 337,87 489,146 375,89 582,150 683,93 636,146 375,89 582,148 337,87 489,146 375,89 582
"area: ""1B08""",154 956,89 088,150 644,85 031,148 337,87 489,152 647,91 545,148 337,87 489,150 644,85 031,148 337,87 489
"area: ""1B09""",157 265,86 631,152 951,82 572,150 644,85 031,154 956,89 088,150 644,85 031,152 951,82 572,150 644,85 031
"area: ""1B10""",159 540,84 214,155 227,80 155,152 951,82 572,157 265,86 631,152 951,82 572,155 227,80 156,152 951,82 572
"area: ""1C""",165 078,69 744,170 953,75 270,161 102,85 683,155 227,80 156,155 227,80 156,165 078,69 744,155 227,80 156
"area: ""1CS1""",106 193,111 732,102 723,107 842,119 608,94 060,122 883,98 181,122 883,98 181,106 193,111 732,122 883,98 181
"area: ""1CS12""",255 367,290 012,274 514,303 426,278 871,297 363,259 698,283 698,259 698,283 698,278 871,297 363,259 698,283 698
"area: ""1CS13""",107 763,165 718,110 858,161 760,128 087,174 272,125 048,178 463,110 859,161 761,128 087,174 272,110 859,161 761
"area: ""1CS2""",123 125,98 020,119 910,93 822,136 175,80 614,139 379,84 689,139 379,84 689,123 126,98 021,139 379,84 689
"area: ""1CS3""",140 362,83 869,137 057,79 892,153 410,66 582,156 835,70 450,156 836,70 451,140 363,83 870,156 836,70 451
"area: ""1D""",132 791,111 736,99 342,147 114,108 167,155 457,141 572,119 988,141 572,119 988,108 167,155 457,141 572,119 988
"area: ""1E01""",147 475,113 718,139 164,105 893,136 478,108 750,144 794,116 566,147 475,113 718,144 794,116 566,147 475,113 718
"area: ""1E02""",150 161,110 866,141 847,103 039,139 164,105 893,147 475,113 718,150 161,110 866,147 475,113 718,150 161,110 866
"area: ""1E03""",152 348,108 543,144 032,100 713,141 847,103 039,150 161,110 866,152 348,108 543,150 161,110 866,152 348,108 543
"area: ""1E04""",154 518,106 237,146 200,98 406,144 032,100 713,152 348,108 543,154 518,106 237,152 348,108 543,154 518,106 237
"area: ""1E05""",156 766,103 850,148 445,96 017,146 200,98 406,154 518,106 237,156 766,103 850,154 518,106 237,156 766,103 850
"area: ""1E06""",159 006,101 471,150 684,93 635,148 445,96 017,156 766,103 850,159 006,101 471,156 766,103 850,159 006,101 471
"area: ""1E07""",160 972,99 383,152 647,91 545,150 684,93 635,159 006,101 471,160 972,99 383,159 006,101 471,160 972,99 383
"area: ""1E08""",163 283,96 928,154 956,89 088,152 647,91 545,160 972,99 383,163 283,96 928,160 972,99 383,163 283,96 928
"area: ""1E09""",165 594,94 474,157 265,86 631,154 956,89 088,163 283,96 928,165 594,94 474,163 283,96 928,165 594,94 474
"area: ""1E10""",167 874,92 052,159 538,84 212,157 265,86 631,165 594,94 474,167 874,92 052,165 594,94 474,167 874,92 052
"area: ""1F""",161 102,85 683,170 953,75 270,177 694,81 610,167 874,92 052,177 695,81 611,167 874,92 052,177 695,81 611
"area: ""1G01""",116 583,159 062,120 926,154 450,115 931,149 747,111 589,154 360,111 589,154 360,115 931,149 747,111 589,154 360
"area: ""1G02""",120 926,154 450,125 268,149 838,120 274,145 135,115 931,149 747,115 931,149 747,120 274,145 135,115 931,149 747
"area: ""1G03""",125 268,149 838,129 610,145 226,124 616,140 523,120 274,145 135,120 274,145 135,124 616,140 523,120 274,145 135
"area: ""1G04""",129 610,145 226,133 953,140 614,128 958,135 911,124 616,140 523,124 616,140 523,128 958,135 911,124 616,140 523
"area: ""1G05""",133 953,140 614,138 295,136 002,133 301,131 299,128 958,135 911,128 958,135 911,133 301,131 299,128 958,135 911
"area: ""1G06""",138 295,136 002,142 638,131 390,137 643,126 687,133 301,131 299,133 301,131 299,137 643,126 687,133 301,131 299
"area: ""1G07""",142 638,131 390,146 980,126 778,141 985,122 075,137 643,126 687,137 643,126 687,141 985,122 075,137 643,126 687
"area: ""1H01""",147 320,118 938,150 880,122 290,155 134,117 772,151 573,114 420,147 320,118 938,151 573,114 420,147 320,118 938
"area: ""1H02""",151 573,114 420,155 134,117 772,159 387,113 255,155 827,109 902,151 573,114 420,155 827,109 902,151 573,114 420
"area: ""1H03""",155 827,109 902,159 387,113 255,163 641,108 737,160 080,105 385,155 827,109 902,160 080,105 385,155 827,109 902
"area: ""1H04""",160 080,105 385,163 641,108 737,167 894,104 219,164 334,100 867,160 080,105 385,164 334,100 867,160 080,105 385
"area: ""1H05""",164 334,100 867,167 894,104 219,172 148,99 701,168 587,96 349,164 334,100 867,168 587,96 349,164 334,100 867
"area: ""1I01""",168 587,96 349,178 138,105 342,184 370,98 724,174 819,89 731,168 587,96 349,174 819,89 731,168 587,96 349
"area: ""1I02""",174 819,89 731,184 370,98 724,190 601,92 105,181 050,83 113,174 819,89 731,181 050,83 113,174 819,89 731
"area: ""1K""",109 106,160 029,83 987,141 948,80 521,146 762,105 635,164 849,83 987,141 948,109 106,160 029,83 987,141 948
"area: ""1L01""",121 578,163 765,125 920,159 153,120 926,154 450,116 583,159 062,125 920,159 153,121 578,163 765,125 920,159 153
"area: ""1L02""",125 920,159 153,130 263,154 540,125 268,149 838,120 926,154 450,130 263,154 540,125 920,159 153,130 263,154 540
"area: ""1L03""",130 263,154 540,134 605,149 928,129 610,145 226,125 268,149 838,134 605,149 928,130 263,154 540,134 605,149 928
"area: ""1L04""",134 605,149 928,138 947,145 316,133 953,140 614,129 610,145 226,138 947,145 316,134 605,149 928,138 947,145 316
"area: ""1L05""",138 947,145 316,143 290,140 704,138 295,136 002,133 953,140 614,143 290,140 704,138 947,145 316,143 290,140 704
"area: ""1L06""",143 290,140 704,147 632,136 092,142 638,131 390,138 295,136 002,147 632,136 092,143 290,140 704,147 632,136 092
"area: ""1L07""",147 632,136 092,151 975,131 480,146 980,126 778,142 638,131 390,151 975,131 480,147 632,136 092,151 975,131 480
"area: ""1M01""",150 880,122 290,154 440,125 642,158 694,121 124,155 134,117 772,158 694,121 124,154 440,125 642,158 694,121 124
"area: ""1M02""",155 134,117 772,158 694,121 124,162 947,116 607,159 387,113 255,162 947,116 607,158 694,121 124,162 947,116 607
"area: ""1M03""",159 387,113 255,162 947,116 607,167 201,112 089,163 641,108 737,167 201,112 089,162 947,116 607,167 201,112 089
"area: ""1M04""",163 641,108 737,167 201,112 089,171 454,107 571,167 894,104 219,171 454,107 571,167 201,112 089,171 454,107 571
"area: ""1M05""",167 894,104 219,171 454,107 571,175 708,103 054,172 148,99 701,175 708,103 054,171 454,107 571,175 708,103 054
"area: ""1N01""",126 090,167 997,130 432,163 385,127 384,160 515,123 042,165 127,123 042,165 127,127 384,160 515,123 042,165 127
"area: ""1N02""",130 432,163 385,134 775,158 773,131 727,155 903,127 384,160 515,127 384,160 515,131 727,155 903,127 384,160 515
"area: ""1N03""",134 775,158 773,139 117,154 160,136 069,151 291,131 727,155 903,131 727,155 903,136 069,151 291,131 727,155 903
"area: ""1N04""",139 117,154 160,143 459,149 548,140 412,146 679,136 069,151 291,136 069,151 291,140 412,146 679,136 069,151 291
"area: ""1N05""",143 459,149 548,147 802,144 936,144 754,142 067,140 412,146 679,140 412,146 679,144 754,142 067,140 412,146 679
"area: ""1N06""",147 802,144 936,152 144,140 324,149 096,137 455,144 754,142 067,144 754,142 067,149 096,137 455,144 754,142 067
"area: ""1N07""",152 144,140 324,156 486,135 712,153 439,132 843,149 096,137 455,149 096,137 455,153 439,132 843,149 096,137 455
"area: ""1O01""",155 897,127 013,160 593,131 435,164 847,126 917,160 150,122 495,155 897,127 013,160 150,122 495,155 897,127 013
"area: ""1O02""",160 150,122 495,164 847,126 917,169 100,122 400,164 404,117 978,160 150,122 495,164 404,117 978,160 150,122 495
"area: ""1O03""",164 404,117 978,169 100,122 400,173 354,117 882,168 657,113 460,164 404,117 978,168 657,113 460,164 404,117 978
"area: ""1O04""",168 657,113 460,173 354,117 882,177 607,113 364,172 911,108 942,168 657,113 460,172 911,108 942,168 657,113 460
"area: ""1O05""",172 911,108 942,177 607,113 364,181 861,108 846,177 164,104 424,172 911,108 942,177 164,104 424,172 911,108 942
"area: ""1P01""",129 137,170 866,133 480,166 254,130 432,163 385,126 090,167 997,133 480,166 254,129 137,170 866,133 480,166 254
"area: ""1P02""",133 480,166 254,137 822,161 642,134 775,158 773,130 432,163 385,137 822,161 642,133 480,166 254,137 822,161 642
"area: ""1P03""",137 822,161 642,142 165,157 030,139 117,154 160,134 775,158 773,142 165,157 030,137 822,161 642,142 165,157 030
"area: ""1P04""",142 165,157 030,146 507,152 418,143 459,149 548,139 117,154 160,146 507,152 418,142 165,157 030,146 507,152 418
"area: ""1P05""",146 507,152 418,150 849,147 806,147 802,144 936,143 459,149 548,150 849,147 806,146 507,152 418,150 849,147 806
"area: ""1P06""",150 849,147 806,155 192,143 194,152 144,140 324,147 802,144 936,155 192,143 194,150 849,147 806,155 192,143 194
"area: ""1P07""",155 192,143 194,159 534,138 582,156 486,135 712,152 144,140 324,159 534,138 582,155 192,143 194,159 534,138 582
"area: ""1Q01""",160 593,131 435,164 445,135 061,168 698,130 543,164 847,126 917,168 698,130 543,164 445,135 061,168 698,130 543
"area: ""1Q02""",164 847,126 917,168 698,130 543,172 952,126 026,169 100,122 400,172 952,126 026,168 698,130 543,172 952,126 026
"area: ""1Q03""",169 100,122 400,172 952,126 026,177 205,121 508,173 354,117 882,177 205,121 508,172 952,126 026,177 205,121 508
"area: ""1Q04""",173 354,117 882,177 205,121 508,181 459,116 990,177 607,113 364,181 459,116 990,177 205,121 508,181 459,116 990
"area: ""1Q05""",177 607,113 364,181 459,116 990,185 712,112 473,181 861,108 846,185 712,112 473,181 459,116 990,185 712,112 473
"area: ""1R01""",185 712,112 473,191 943,105 854,184 370,98 724,178 138,105 342,191 943,105 854,185 712,112 473,191 943,105 854
"area: ""1R02""",191 943,105 854,198 174,99 236,190 601,92 105,184 370,98 724,198 174,99 236,191 943,105 854,198 174,99 236
"area: ""1S01""",135 178,166 765,141 620,173 048,146 116,168 438,139 675,162 155,135 178,166 765,139 675,162 155,135 178,166 765
"area: ""1S02""",139 675,162 155,146 116,168 438,150 613,163 828,144 172,157 545,139 675,162 155,144 172,157 545,139 675,162 155
"area: ""1S03""",144 172,157 545,150 613,163 828,155 110,159 218,148 669,152 935,144 172,157 545,148 669,152 935,144 172,157 545
"area: ""1S04""",148 669,152 935,155 110,159 218,159 607,154 608,153 165,148 325,148 669,152 935,153 165,148 325,148 669,152 935
"area: ""1S05""",153 165,148 325,159 607,154 608,164 103,149 998,157 662,143 715,153 165,148 325,157 662,143 715,153 165,148 325
"area: ""1S06""",157 662,143 715,164 103,149 998,168 600,145 388,162 159,139 105,157 662,143 715,162 159,139 105,157 662,143 715
"area: ""1T01""",165 477,136 002,171 855,142 219,177 008,136 933,170 630,130 716,165 477,136 002,170 630,130 716,165 477,136 002
"area: ""1T02""",170 630,130 716,177 008,136 933,181 196,132 636,174 818,126 419,170 630,130 716,174 818,126 419,170 630,130 716
"area: ""1T03""",174 818,126 419,181 196,132 636,185 384,128 340,179 006,122 123,174 818,126 419,179 006,122 123,174 818,126 419
"area: ""1T04""",179 006,122 123,185 384,128 340,189 572,124 043,183 195,117 827,179 006,122 123,183 195,117 827,179 006,122 123
"area: ""1T05""",183 195,117 827,189 572,124 043,193 760,119 747,187 383,113 530,183 196,117 828,187 382,113 529,183 196,117 828
"area: ""1T06""",187 383,113 530,193 758,119 745,197 946,115 448,191 571,109 234,187 383,113 530,191 571,109 234,187 383,113 530
"area: ""1T07""",191 571,109 234,197 946,115 448,202 134,111 152,195 759,104 937,191 571,109 234,195 759,104 937,191 571,109 234
"area: ""1T08""",202 134,111 152,207 370,105 781,200 994,99 567,195 759,104 937,195 759,104 937,200 994,99 567,195 759,104 937
"area: ""1U""",170 915,147 646,168 600,145 388,146 116,168 438,148 431,170 696,170 915,147 646,148 431,170 696,170 915,147 646
"area: ""1V""",210 166,107 545,207 851,105 288,173 901,140 115,176 217,142 372,210 166,107 545,176 217,142 372,210 166,107 545
"area: ""1WA""",223 717,106 149,221 020,109 522,217 183,106 452,219 718,102 989,221 020,109 522,217 183,106 452,221 020,109 522
"area: ""1X01""",215 724,198 513,217 741,195 844,209 445,189 575,207 428,192 244,207 428,192 244,209 445,189 575,207 428,192 244
"area: ""1X02""",217 741,195 844,219 790,193 134,211 494,186 864,209 445,189 575,209 445,189 575,211 494,186 864,209 445,189 575
"area: ""1X03""",219 789,193 133,222 473,189 581,214 179,183 311,211 494,186 864,211 494,186 864,214 179,183 311,211 494,186 864
"area: ""1X04""",214 875,182 738,227 037,192 064,229 423,188 947,217 297,179 649,214 875,182 738,217 297,179 649,214 875,182 738
"area: ""1X05""",217 297,179 649,229 423,188 947,232 471,184 966,220 391,175 703,217 297,179 649,220 391,175 703,217 297,179 649
"area: ""1X06""",220 912,175 039,232 984,184 296,236 599,179 575,224 581,170 359,220 912,175 039,224 581,170 359,220 912,175 039
"area: ""1X07""",225 118,169 674,237 128,178 884,240 633,174 306,228 676,165 137,225 118,169 674,228 676,165 137,225 118,169 674
"area: ""1X08""",229 224,164 437,241 173,173 600,242 913,171 328,230 990,162 185,229 224,164 437,230 990,162 185,229 224,164 437
"area: ""1X09""",230 990,162 185,242 913,171 328,245 930,167 388,234 052,158 280,230 990,162 185,234 052,158 280,230 990,162 185
"area: ""1X10""",234 052,158 280,245 930,167 388,247 800,164 945,235 951,155 858,234 052,158 280,235 951,155 858,234 052,158 280
"area: ""1X11""",235 951,155 858,247 800,164 945,251 243,160 449,239 445,151 401,235 951,155 858,239 445,151 401,235 951,155 858
"area: ""1X12""",239 445,151 401,251 243,160 449,254 737,155 885,242 992,146 878,239 445,151 401,242 992,146 878,239 445,151 401
"area: ""1Z""",75 939,161 201,82 289,153 007,136 944,195 344,130 585,203 549,82 289,153 007,136 944,195 344,82 289,153 007
"area: ""2A01""",275 943,128 954,279 237,124 423,269 165,117 101,265 871,121 632,275 943,128 954,265 871,121 632,275 943,128 954
"area: ""2A02""",279 237,124 423,282 532,119 892,272 460,112 570,269 165,117 101,272 460,112 570,282 532,119 892,272 460,112 570
"area: ""2A03""",286 288,116 515,290 202,111 447,279 914,103 500,276 000,108 568,286 288,116 515,276 000,108 568,286 288,116 515
"area: ""2A04""",290 202,111 447,293 834,106 814,283 546,98 867,279 914,103 500,283 546,98 867,293 834,106 814,283 546,98 867
"area: ""2A05""",300 090,99 458,304 344,93 774,293 936,85 985,289 682,91 670,300 090,99 458,289 682,91 670,300 090,99 458
"area: ""2A06""",304 344,93 774,309 197,87 289,298 789,79 500,293 936,85 985,298 789,79 500,309 197,87 289,298 789,79 500
"area: ""2A07""",310 547,85 794,314 056,80 804,303 422,73 326,299 913,78 315,310 547,85 794,299 913,78 315,310 547,85 794
"area: ""2A08""",314 056,80 804,317 565,75 814,306 931,68 336,303 422,73 326,306 931,68 336,317 565,75 814,306 931,68 336
"area: ""2A09""",319 039,74 696,323 007,70 063,313 134,61 606,309 166,66 239,319 039,74 696,309 166,66 239,319 039,74 696
"area: ""2A10""",323 007,70 063,326 976,65 431,317 103,56 973,313 134,61 606,317 103,56 973,326 976,65 431,317 103,56 973
"area: ""2A11""",330 535,61 287,334 503,56 654,324 630,48 197,320 662,52 830,330 535,61 287,320 662,52 830,330 535,61 287
"area: ""2A12""",334 503,56 654,338 472,52 021,328 599,43 564,324 630,48 197,328 599,43 564,338 472,52 021,328 599,43 564
"area: ""2A13""",340 145,50 232,344 114,45 599,334 241,37 142,330 272,41 774,340 145,50 232,330 272,41 774,340 145,50 232
"area: ""2A14""",344 114,45 599,347 432,41 726,337 559,33 268,334 241,37 142,337 559,33 268,347 434,41 723,337 559,33 268
"area: ""2A15""",344 627,38 265,348 500,41 583,354 836,34 186,350 962,30 868,344 627,38 265,350 962,30 868,344 627,38 265
"area: ""2B01""",261 451,122 891,265 393,117 787,255 105,109 840,251 163,114 944,261 451,122 891,251 163,114 944,261 451,122 891
"area: ""2B02""",265 393,117 787,267 518,115 036,257 230,107 089,255 105,109 840,257 230,107 089,267 518,115 036,257 230,107 089
"area: ""2B03""",268 435,113 849,271 385,110 031,261 096,102 084,258 147,105 902,268 435,113 849,258 147,105 902,268 435,113 849
"area: ""2B04""",271 385,110 031,274 502,105 995,264 214,98 048,261 096,102 084,264 214,98 048,274 502,105 995,264 214,98 048
"area: ""2B05""",275 502,104 701,278 226,101 158,267 938,93 211,265 213,96 754,275 502,104 701,265 213,96 754,275 502,104 701
"area: ""2B06""",278 226,101 158,281 737,96 629,271 449,88 682,267 938,93 211,271 449,88 682,281 737,96 629,271 449,88 682
"area: ""2B07""",283 441,94 422,286 559,90 386,276 271,82 439,273 153,86 475,283 441,94 422,273 153,86 475,283 441,94 422
"area: ""2B08""",286 559,90 386,289 665,86 365,279 377,78 418,276 271,82 439,279 377,78 418,289 665,86 365,279 377,78 418
"area: ""2B09""",290 937,84 700,294 043,80 679,283 755,72 732,280 648,76 753,290 937,84 700,280 648,76 753,290 937,84 700
"area: ""2B10""",294 043,80 679,297 160,76 643,286 872,68 696,283 755,72 732,286 872,68 696,297 160,76 643,286 872,68 696
"area: ""2B11""",298 267,73 494,301 996,68 667,291 708,60 720,287 979,65 547,298 267,73 494,287 979,65 547,298 267,73 494
"area: ""2B12""",301 996,68 667,305 723,63 842,295 434,55 895,291 708,60 720,295 434,55 895,305 723,63 842,295 434,55 895
"area: ""2B13""",306 647,60 284,310 091,56 527,300 510,47 741,297 065,51 498,306 647,60 284,297 065,51 498,306 647,60 284
"area: ""2B14""",310 091,56 527,313 538,52 768,303 957,43 982,300 510,47 741,303 957,43 982,313 538,52 768,303 957,43 982
"area: ""2B15""",316 944,49 883,320 572,46 298,311 435,37 051,307 807,40 635,316 944,49 883,307 807,40 635,316 944,49 883
"area: ""2B16""",320 572,46 298,323 489,43 416,314 351,34 169,311 435,37 051,314 351,34 169,323 489,43 416,314 351,34 169
"area: ""2C01""",251 163,114 944,255 103,109 855,244 814,101 908,240 875,106 997,251 163,114 944,240 875,106 997,251 163,114 944
"area: ""2C02""",255 103,109 855,257 230,107 089,246 942,99 142,244 814,101 908,246 942,99 142,257 230,107 089,246 942,99 142
"area: ""2C03""",258 147,105 902,261 096,102 084,250 808,94 137,247 859,97 955,258 147,105 902,247 859,97 955,258 147,105 902
"area: ""2C04""",261 096,102 084,264 214,98 048,253 926,90 101,250 808,94 137,253 926,90 101,264 214,98 048,253 926,90 101
"area: ""2C05""",265 213,96 754,267 938,93 211,257 664,85 262,254 925,88 807,265 213,96 754,254 925,88 807,265 213,96 754
"area: ""2C06""",267 938,93 211,271 449,88 682,261 161,80 735,257 664,85 262,261 161,80 735,271 449,88 682,261 161,80 735
"area: ""2C07""",272 425,87 489,275 543,83 453,265 255,75 506,262 137,79 542,272 425,87 489,262 137,79 542,272 425,87 489
"area: ""2C08""",275 543,83 453,278 970,79 016,268 682,71 069,265 255,75 506,268 682,71 069,278 970,79 016,268 682,71 069
"area: ""2C09""",280 431,77 035,283 320,73 295,273 032,65 348,270 143,69 088,280 431,77 035,270 143,69 088,280 431,77 035
"area: ""2C10""",283 320,73 295,286 431,69 267,276 143,61 320,273 032,65 348,276 143,61 320,286 431,69 267,276 143,61 320
"area: ""2C11""",279 688,55 743,289 623,63 418,286 930,66 904,276 994,59 229,286 930,66 904,276 994,59 229,286 930,66 904
"area: ""2C12""",282 206,52 482,292 142,60 157,289 619,63 424,279 683,55 749,282 206,52 482,292 142,60 157,282 206,52 482
"area: ""2C13""",285 897,47 361,295 833,55 036,293 310,58 302,283 374,50 627,293 310,58 302,283 374,50 627,293 310,58 302
"area: ""2C14""",288 065,44 577,298 001,52 252,295 828,55 042,285 892,47 367,288 065,44 577,298 001,52 252,288 065,44 577
"area: ""2CS4""",174 308,52 984,189 005,68 776,195 332,63 582,180 317,47 297,180 317,47 297,195 332,63 582,180 317,47 297
"area: ""2CS5""",286 245,133 833,277 726,127 684,290 053,112 696,297 675,118 880,277 726,127 684,290 053,112 696,277 726,127 684
"area: ""2CS6""",291 607,110 704,300 909,117 714,314 031,101 669,304 592,93 976,291 606,110 703,304 592,93 976,291 606,110 703
"area: ""2CS7""",308 766,95 459,313 497,99 645,331 374,77 814,326 935,73 635,308 765,95 458,326 935,73 635,308 765,95 458
"area: ""2D01""",238 230,105 260,241 886,100 526,231 598,92 579,227 942,97 313,238 230,105 260,227 942,97 313,238 230,105 260
"area: ""2D02""",241 886,100 526,244 392,97 282,234 104,89 335,231 598,92 579,234 104,89 335,244 392,97 282,234 104,89 335
"area: ""2D03""",245 410,95 981,248 004,92 806,237 937,84 581,235 343,87 756,245 410,95 981,235 343,87 756,245 410,95 981
"area: ""2D04""",248 004,92 806,251 231,88 857,241 164,80 632,237 937,84 581,241 164,80 632,251 231,88 857,241 164,80 632
"area: ""2D05""",251 358,86 560,255 185,81 964,245 195,73 646,241 368,78 242,251 358,86 560,241 368,78 242,251 358,86 560
"area: ""2D06""",255 185,81 964,258 219,78 320,248 229,70 002,245 195,73 646,248 229,70 002,258 219,78 320,248 229,70 002
"area: ""2D07""",259 994,76 494,262 870,72 503,252 358,64 855,249 482,68 847,259 994,76 494,249 482,68 847,259 994,76 494
"area: ""2D08""",262 870,72 503,266 389,67 666,255 876,60 018,252 358,64 855,255 876,60 018,266 389,67 666,255 876,60 018
"area: ""2D09""",266 658,66 961,269 546,63 681,259 788,55 091,256 900,58 371,266 658,66 961,256 900,58 371,266 658,66 961
"area: ""2D10""",269 546,63 681,272 391,60 448,262 633,51 858,259 788,55 091,262 633,51 858,272 391,60 448,262 633,51 858
"area: ""2D11""",272 788,58 251,275 633,55 019,265 875,46 429,263 030,49 661,272 788,58 251,263 030,49 661,272 788,58 251
"area: ""2D12""",275 633,55 019,278 521,51 738,268 763,43 149,265 875,46 429,268 763,43 149,278 521,51 738,268 763,43 149
"area: ""2E01""",227 942,97 313,231 598,92 579,221 310,84 632,217 654,89 366,227 942,97 313,217 654,89 366,227 942,97 313
"area: ""2E02""",231 598,92 579,233 518,90 093,223 230,82 146,221 310,84 632,223 230,82 146,233 518,90 093,223 230,82 146
"area: ""2E03""",234 845,88 366,237 439,85 191,227 372,76 965,224 778,80 140,234 845,88 366,224 778,80 140,234 845,88 366
"area: ""2E04""",237 439,85 191,240 666,81 242,230 599,73 016,227 372,76 965,230 599,73 016,240 666,81 242,230 599,73 016
"area: ""2E05""",241 368,78 242,245 195,73 646,235 205,65 327,231 378,69 923,241 368,78 242,231 378,69 923,241 368,78 242
"area: ""2E06""",245 195,73 646,248 229,70 002,238 239,61 683,235 205,65 327,238 239,61 683,248 229,70 002,238 239,61 683
"area: ""2E07""",249 482,68 847,252 358,64 855,241 846,57 207,238 977,61 204,249 482,68 847,238 977,61 204,249 482,68 847
"area: ""2E08""",252 358,64 855,255 876,60 018,245 364,52 371,241 846,57 207,245 364,52 371,255 876,60 018,245 364,52 371
"area: ""2F01""",217 654,89 366,221 310,84 632,211 022,76 685,207 365,81 419,217 654,89 366,207 365,81 419,217 654,89 366
"area: ""2F02""",221 310,84 632,223 816,81 388,213 528,73 441,211 022,76 685,213 528,73 441,223 816,81 388,213 528,73 441
"area: ""2F03""",225 721,78 986,228 316,75 811,218 249,67 585,215 655,70 760,225 721,78 986,215 655,70 760,225 721,78 986
"area: ""2F04""",228 316,75 811,230 910,72 636,220 843,64 410,218 249,67 585,220 843,64 410,230 910,72 636,220 843,64 410
"area: ""2F05""",231 941,69 246,235 205,65 327,225 215,57 008,221 952,60 927,231 941,69 246,221 952,60 927,231 941,69 246
"area: ""2F06""",235 205,65 327,237 829,62 176,227 839,53 858,225 215,57 008,227 839,53 858,237 829,62 176,227 839,53 858
"area: ""2F07""",228 981,52 706,239 801,59 372,243 030,54 080,232 182,47 461,239 801,59 372,228 981,52 706,239 801,59 372
"area: ""2G01""",207 365,81 419,211 022,76 685,200 733,68 738,197 077,73 472,207 365,81 419,197 077,73 472,207 365,81 419
"area: ""2G02""",211 022,76 685,213 528,73 441,203 240,65 494,200 733,68 738,203 240,65 494,213 528,73 441,203 240,65 494
"area: ""2G03""",216 740,69 432,219 334,66 257,209 267,58 032,206 673,61 206,216 740,69 432,206 673,61 206,216 740,69 432
"area: ""2G04""",219 334,66 257,221 928,63 082,211 861,54 857,209 267,58 032,211 861,54 857,221 928,63 082,211 861,54 857
"area: ""2G05""",223 755,49 487,228 981,52 706,232 182,47 461,226 984,44 194,228 981,52 706,223 755,49 487,228 981,52 706
"area: ""2H01""",199 995,66 549,207 937,59 040,205 545,56 510,197 604,64 020,207 937,59 040,199 995,66 549,207 937,59 040
"area: ""2H02""",213 554,54 998,222 949,46 114,220 476,43 498,211 081,52 382,222 949,46 114,213 554,54 998,222 949,46 114
"area: ""2I01""",231 411,104 299,233 994,106 407,230 389,111 314,227 808,109 209,233 994,106 407,230 389,111 314,233 994,106 407
"area: ""2I02""",200 377,78 462,204 343,81 507,199 543,87 758,195 578,84 713,200 377,78 462,204 343,81 507,200 377,78 462
"area: ""2I03""",189 670,70 240,200 377,78 462,195 578,84 713,184 870,76 490,189 670,70 240,200 377,78 462,189 670,70 240
"area: ""2I04""",178 963,62 018,189 670,70 240,184 870,76 490,174 163,68 268,178 963,62 018,189 670,70 240,178 963,62 018
"area: ""2I05""",174 204,58 363,178 963,62 018,174 163,68 268,169 404,64 614,174 204,58 363,178 963,62 018,174 204,58 363
"area: ""2L01""",193 484,59 011,197 154,63 188,220 508,42 676,216 838,38 500,197 154,63 188,193 484,59 011,197 154,63 188
"area: ""2L02""",188 441,53 272,193 484,59 011,216 838,38 500,211 796,32 761,193 484,59 011,188 441,53 272,193 484,59 011
"area: ""2L03""",183 399,47 534,188 441,53 272,211 796,32 762,206 754,27 023,188 441,53 272,183 399,47 534,188 441,53 272
"area: ""2L04""",178 357,41 795,183 399,47 534,206 754,27 023,201 712,21 285,183 399,47 534,178 357,41 795,183 399,47 534
"area: ""2M01""",251 878,47 115,254 951,51 434,249 898,55 028,246 826,50 710,254 951,51 434,249 898,55 028,254 951,51 434
"area: ""2M02""",256 930,43 520,260 003,47 839,254 951,51 434,251 878,47 115,260 003,47 839,254 951,51 434,260 003,47 839
"area: ""2M03""",261 982,39 926,265 055,44 244,260 003,47 839,256 930,43 520,265 055,44 244,260 003,47 839,265 055,44 244
"area: ""2M04""",267 034,36 331,269 527,39 834,264 475,43 429,261 982,39 926,269 527,39 834,264 475,43 429,269 527,39 834
"area: ""2M05""",272 086,32 736,274 579,36 240,269 527,39 834,267 034,36 331,274 579,36 240,269 527,39 834,274 579,36 240
"area: ""2M06""",271 411,39 710,280 053,47 773,283 149,44 455,274 507,36 392,280 053,47 773,271 411,39 710,280 053,47 773
"area: ""2M07""",289 183,37 539,291 377,41 238,285 271,44 859,283 078,41 161,291 377,41 238,285 271,44 859,291 377,41 238
"area: ""2M08""",295 288,33 918,298 441,39 233,292 336,42 855,289 183,37 539,298 441,39 233,292 336,42 855,298 441,39 233
"area: ""2M09""",301 393,30 296,304 097,34 854,297 992,38 476,295 288,33 918,304 097,34 854,297 992,38 476,304 097,34 854
"area: ""2M10""",307 498,26 674,309 692,30 372,303 587,33 994,301 393,30 296,309 692,30 372,303 587,33 994,309 692,30 372
"area: ""2N01""",281 718,135 325,292 447,143 612,283 818,154 412,273 410,146 080,281 718,135 325,292 447,143 612,281 718,135 325
"area: ""2N02""",283 818,154 412,292 447,143 612,302 999,151 763,294 226,162 744,292 447,143 612,302 999,151 763,292 447,143 612
"area: ""2N03""",294 226,162 744,302 999,151 763,313 552,159 915,304 635,171 076,302 999,151 763,313 552,159 915,302 999,151 763
"area: ""2N04""",304 635,171 076,313 552,159 915,323 916,167 920,315 043,179 407,313 552,159 915,323 916,167 920,313 552,159 915
"area: ""2N05""",310 877,143 380,304 790,151 251,284 733,135 758,290 819,127 887,304 794,151 246,284 733,135 758,304 794,151 246
"area: ""2N06""",330 908,158 869,324 825,166 736,304 794,151 246,310 877,143 380,324 825,166 736,304 794,151 246,324 825,166 736
"area: ""2O01""",300 897,135 671,307 132,127 599,296 999,119 772,290 764,127 844,296 999,119 772,307 132,127 599,296 999,119 772
"area: ""2O02""",311 030,143 498,317 265,135 426,307 132,127 599,300 897,135 671,307 132,127 599,317 265,135 426,307 132,127 599
"area: ""2O03""",318 203,117 019,310 361,127 170,299 866,119 064,307 708,108 912,310 361,127 170,299 866,119 064,310 361,127 170
"area: ""2O04""",328 697,125 125,320 855,135 277,310 361,127 170,318 202,117 019,320 855,135 277,310 361,127 170,320 855,135 277
"area: ""2P01""",325 543,110 601,319 699,118 174,308 141,109 247,313 985,101 673,313 985,101 673,325 543,110 601,313 985,101 673
"area: ""2P02""",338 905,120 787,333 057,128 365,319 699,118 174,325 547,110 596,325 547,110 596,338 905,120 787,325 547,110 596
"area: ""2P03""",337 811,92 262,328 676,96 798,322 881,85 129,332 017,80 592,328 676,96 798,322 881,85 129,328 676,96 798
"area: ""2P04""",343 606,103 931,334 470,108 467,328 676,96 798,337 811,92 262,334 470,108 467,328 676,96 798,334 470,108 467
"area: ""2P05""",349 400,115 600,343 420,118 570,337 626,106 900,343 606,103 931,343 420,118 570,337 626,106 900,343 420,118 570
"area: ""2Q01""",318 700,83 903,323 514,78 283,319 794,75 094,314 980,80 714,323 514,78 283,318 700,83 903,323 514,78 283
"area: ""2Q02""",323 514,78 283,328 328,72 663,324 608,69 474,319 794,75 094,328 328,72 663,323 514,78 283,328 328,72 663
"area: ""2Q03""",328 328,72 663,333 142,67 043,329 422,63 854,324 608,69 474,333 142,67 043,328 328,72 663,333 142,67 043
"area: ""2Q04""",333 142,67 043,337 956,61 423,334 236,58 234,329 422,63 854,337 956,61 423,333 142,67 043,337 956,61 423
"area: ""2Q05""",337 956,61 423,342 771,55 803,339 050,52 614,334 236,58 234,342 771,55 803,337 956,61 423,342 771,55 803
"area: ""2Q06""",343 530,56 454,348 344,50 834,343 865,46 994,339 050,52 614,348 344,50 834,343 530,56 454,348 344,50 834
"area: ""2Q07""",348 344,50 834,353 158,45 214,348 679,41 374,343 865,46 994,353 158,45 214,348 344,50 834,353 158,45 214
"area: ""2Q08""",353 158,45 214,357 972,39 594,353 493,35 754,348 679,41 374,357 972,39 594,353 158,45 214,357 972,39 594
"area: ""2Q09""",357 972,39 594,362 786,33 974,358 307,30 134,353 493,35 754,362 786,33 974,357 972,39 594,362 786,33 974
"area: ""2Q10""",332 017,80 592,336 763,75 621,333 219,72 237,328 472,77 209,328 472,77 209,333 219,72 237,328 472,77 209
"area: ""2Q11""",336 763,75 621,341 279,70 889,337 735,67 506,333 219,72 237,333 219,72 237,337 735,67 506,333 219,72 237
"area: ""2Q12""",341 279,70 889,345 611,66 352,342 067,62 968,337 735,67 506,337 735,67 506,342 067,62 968,337 735,67 506
"area: ""2Q13""",345 611,66 352,350 077,61 673,346 532,58 290,342 067,62 968,342 067,62 968,346 532,58 290,342 067,62 968
"area: ""2Q14""",350 077,61 673,354 517,57 022,350 249,52 948,345 809,57 599,345 809,57 599,350 249,52 948,345 809,57 599
"area: ""2Q15""",354 517,57 022,358 786,52 549,354 519,48 475,350 249,52 948,350 249,52 948,354 519,48 475,350 249,52 948
"area: ""2Q16""",358 786,52 549,365 843,45 157,361 576,41 083,354 519,48 475,354 519,48 475,361 576,41 083,354 519,48 475
"area: ""2Q17""",365 843,45 157,370 338,40 448,366 070,36 375,361 576,41 083,361 576,41 083,366 070,36 375,361 576,41 083
"area: ""2Q18""",370 338,40 448,374 731,35 846,370 464,31 772,366 070,36 375,366 070,36 375,370 464,31 772,366 070,36 375
"area: ""2Q19""",374 731,35 846,379 477,30 874,376 570,28 099,371 824,33 071,371 824,33 071,376 570,28 099,371 824,33 071
"area: ""2Q20""",379 477,30 874,384 223,25 902,381 316,23 127,376 570,28 099,376 570,28 099,381 316,23 127,376 570,28 099
"area: ""2Q21""",384 223,25 902,388 969,20 931,386 062,18 155,381 316,23 127,381 316,23 127,386 062,18 155,381 316,23 127
"area: ""2R01""",330 578,18 510,332 275,30 389,335 533,29 924,333 835,18 044,332 275,30 389,330 578,18 510,332 275,30 389
"area: ""2R02""",335 566,30 150,341 795,29 254,341 116,24 508,334 887,25 405,341 795,29 254,335 566,30 150,341 795,29 254
"area: ""2R03""",341 679,28 445,348 078,27 531,347 469,23 268,341 070,24 182,348 078,27 531,341 679,28 445,348 078,27 531
"area: ""2R04""",348 301,27 229,354 276,26 635,353 793,21 782,347 818,22 377,354 276,26 635,348 301,27 229,354 276,26 635
"area: ""2R05""",354 332,26 831,360 311,26 559,360 183,23 810,354 205,24 082,360 311,26 559,354 332,26 831,360 311,26 559
"area: ""2R06""",360 308,27 198,366 666,27 272,366 674,24 505,360 315,24 431,366 666,27 272,360 308,27 198,366 666,27 272
"area: ""2R07""",366 841,27 271,373 198,27 108,373 127,24 341,366 770,24 504,373 198,27 108,366 841,27 271,373 198,27 108
"area: ""2R08""",334 887,25 405,341 116,24 508,340 462,19 759,334 233,20 655,334 233,20 655,340 462,19 759,334 233,20 655
"area: ""2R09""",341 070,24 182,347 469,23 268,346 860,19 005,340 460,19 919,340 460,19 919,346 860,19 005,340 460,19 919
"area: ""2R10""",347 818,22 377,353 793,21 782,353 440,18 233,347 465,18 828,347 465,18 828,353 440,18 233,347 465,18 828
"area: ""2R11""",354 205,24 082,360 183,23 810,360 058,21 061,354 080,21 333,354 080,21 333,360 058,21 061,354 080,21 333
"area: ""2R12""",360 315,24 431,366 674,24 505,366 706,21 738,360 347,21 664,360 347,21 664,366 706,21 738,360 347,21 664
"area: ""2R13""",366 770,24 504,373 127,24 341,373 082,22 575,366 725,22 738,366 725,22 738,373 082,22 575,366 725,22 738
"area: ""2S01""",315 950,32 243,316 383,28 516,309 909,27 935,309 476,31 663,315 950,32 243,309 476,31 663,315 950,32 243
"area: ""2S02""",322 449,33 648,322 857,29 096,316 383,28 516,315 975,33 068,322 449,33 648,315 975,33 068,322 449,33 648
"area: ""2S03""",316 383,28 516,316 484,25 562,310 166,24 995,309 909,27 935,310 166,24 995,316 484,25 562,310 166,24 995
"area: ""2S04""",322 857,29 096,322 983,26 524,316 509,25 944,316 383,28 516,316 509,25 944,322 983,26 524,316 509,25 944
"area: ""2S05""",322 509,20 036,322 209,14 944,309 231,15 709,309 531,20 800,322 509,20 036,309 531,20 800,322 509,20 036
"area: ""2S06""",322 209,14 944,321 909,9 853,308 931,10 617,309 231,15 709,308 931,10 617,321 909,9 853,308 931,10 617
"area: ""2S07""",321 793,7 889,326 321,7 622,327 152,21 734,322 624,22 000,326 321,7 622,327 152,21 734,326 321,7 622
"area: ""2S08""",309 907,2 740,310 209,5 661,323 172,4 676,322 869,1 756,323 172,4 676,310 209,5 661,323 172,4 676
"area: ""2S09""",323 511,1 495,323 207,7 020,335 151,7 178,335 455,1 653,335 151,7 178,323 207,7 020,335 151,7 178
"area: ""2S10""",336 394, 666,334 939,8 327,348 034,10 860,349 489,3 200,348 034,10 860,334 939,8 327,348 034,10 860
"area: ""2S11""",351 000,2 787,348 227,10 075,359 222,14 264,361 995,6 976,359 222,14 264,348 227,10 075,359 222,14 264
"area: ""2S12""",363 026,7 434,358 984,15 113,370 487,21 169,374 530,13 489,370 487,21 169,358 984,15 113,370 487,21 169
"area: ""2S13""",374 380,13 765,371 775,19 077,379 855,23 041,382 460,17 729,379 855,23 041,371 775,19 077,379 855,23 041
"area: ""3A""",236 737,287 089,226 059,280 366,233 252,270 456,243 595,277 310,233 252,270 456,243 595,277 310,233 252,270 456
"area: ""3B""",242 961,257 611,250 506,262 658,258 187,251 678,250 813,246 590,258 187,251 678,250 506,262 658,258 187,251 678
